task,AUC_ROC,AP_PR,Accuracy,F1,Precision,Recall,Brier
visual_verbal,0.9292793177048065,0.8586604453520313,0.8523215381468603,0.8212871287128712,0.7589204025617566,0.8948220064724919,0.10074981392274046
active_reflective,0.9292793177048065,0.8586604453520313,0.8523215381468603,0.8212871287128712,0.7589204025617566,0.8948220064724919,0.10074981392274046
global_sequential,0.9292793177048065,0.8586604453520313,0.8523215381468603,0.8212871287128712,0.7589204025617566,0.8948220064724919,0.10074981392274046
