{"ts": 1758405653.545749, "id_student": 24143, "p": [0.0082, 0.0082, 0.0082], "conf": [0.9835, 0.9835, 0.9835], "streak": 1, "ready": false, "candidates": [["B1", 0.9917535473592579], ["R1", 0.9917535473592579], ["S1", 0.9917535473592579], ["B2", 0.9421658699912949], ["R2", 0.9421658699912949], ["S2", 0.9421658699912949], ["B3", 0.8925781926233322], ["R3", 0.8925781926233322]], "chosen": [["B1", 1.1924808961714788], ["R1", 1.1924808961714788], ["S1", 1.1924808961714788]]}