{"ts": 1758405358.3999698, "id_student": 9273, "p": [0.009, 0.009, 0.009], "conf": [0.9819, 0.9819, 0.9819], "streak": 1, "ready": false, "candidates": [["B1", 0.9909639443270862], ["R1", 0.9909639443270862], ["S1", 0.9909639443270862], ["B2", 0.9414157471107318], ["R2", 0.9414157471107318], ["S2", 0.9414157471107318], ["B3", 0.8918675498943777], ["R3", 0.8918675498943777]], "chosen": [["B1", 1.1905747025549798], ["R1", 1.1905747025549798], ["S1", 1.1905747025549798]]}