{"ts": 1758405375.8861144, "id_student": 25317, "p": [0.001, 0.001, 0.001], "conf": [0.9979, 0.9979, 0.9979], "streak": 1, "ready": false, "candidates": [["B1", 0.9989566455595196], ["R1", 0.9989566455595196], ["S1", 0.9989566455595196], ["B2", 0.9490088132815435], ["R2", 0.9490088132815435], ["S2", 0.9490088132815435], ["B3", 0.8990609810035677], ["R3", 0.8990609810035677]], "chosen": [["B1", 1.2099062265379763], ["R1", 1.2099062265379763], ["S1", 1.2099062265379763]]}