{"ts": 1758405355.8070407, "id_student": 30561, "p": [0.0007, 0.0007, 0.0007], "conf": [0.9986, 0.9986, 0.9986], "streak": 1, "ready": false, "candidates": [["B1", 0.9993150684982538], ["R1", 0.9993150684982538], ["S1", 0.9993150684982538], ["B2", 0.9493493150733411], ["R2", 0.9493493150733411], ["S2", 0.9493493150733411], ["B3", 0.8993835616484285], ["R3", 0.8993835616484285]], "chosen": [["B1", 1.2107749794589304], ["R1", 1.2107749794589304], ["S1", 1.2107749794589304]]}