{"ts": 1758405368.7211976, "id_student": 5896, "p": [0.0108, 0.0108, 0.0108], "conf": [0.9784, 0.9784, 0.9784], "streak": 1, "ready": false, "candidates": [["B1", 0.9891782299615443], ["R1", 0.9891782299615443], ["S1", 0.9891782299615443], ["B2", 0.939719318463467], ["R2", 0.939719318463467], ["S2", 0.939719318463467], ["B3", 0.8902604069653899], ["R3", 0.8902604069653899]], "chosen": [["B1", 1.186266730490493], ["R1", 1.186266730490493], ["S1", 1.186266730490493]]}