{"ts": 1758405377.2801936, "id_student": 3141, "p": [0.0087, 0.0087, 0.0087], "conf": [0.9826, 0.9826, 0.9826], "streak": 1, "ready": false, "candidates": [["B1", 0.9912983720190823], ["R1", 0.9912983720190823], ["S1", 0.9912983720190823], ["B2", 0.9417334534181282], ["R2", 0.9417334534181282], ["S2", 0.9417334534181282], ["B3", 0.8921685348171741], ["R3", 0.8921685348171741]], "chosen": [["B1", 1.1913819526894653], ["R1", 1.1913819526894653], ["S1", 1.1913819526894653]]}