{"ts": 1758405375.6135983, "id_student": 8414, "p": [0.0104, 0.0104, 0.0104], "conf": [0.9793, 0.9793, 0.9793], "streak": 1, "ready": false, "candidates": [["B1", 0.98963340530172], ["R1", 0.98963340530172], ["S1", 0.98963340530172], ["B2", 0.940151735036634], ["R2", 0.940151735036634], ["S2", 0.940151735036634], ["B3", 0.890670064771548], ["R3", 0.890670064771548]], "chosen": [["B1", 1.1873644345244447], ["R1", 1.1873644345244447], ["S1", 1.1873644345244447]]}