{"ts": 1758405369.5551949, "id_student": 21529, "p": [0.0057, 0.0057, 0.0057], "conf": [0.9886, 0.9886, 0.9886], "streak": 1, "ready": false, "candidates": [["B1", 0.9942834465764463], ["R1", 0.9942834465764463], ["S1", 0.9942834465764463], ["B2", 0.9445692742476239], ["R2", 0.9445692742476239], ["S2", 0.9445692742476239], ["B3", 0.8948551019188017], ["R3", 0.8948551019188017]], "chosen": [["B1", 1.1985936994640343], ["R1", 1.1985936994640343], ["S1", 1.1985936994640343]]}