{"ts": 1758405651.1944842, "id_student": 31387, "p": [0.0166, 0.0166, 0.0166], "conf": [0.9668, 0.9668, 0.9668], "streak": 1, "ready": false, "candidates": [["B1", 0.9833972938358784], ["R1", 0.9833972938358784], ["S1", 0.9833972938358784], ["B2", 0.9342274291440844], ["R2", 0.9342274291440844], ["S2", 0.9342274291440844], ["B3", 0.8850575644522906], ["R3", 0.8850575644522906]], "chosen": [["B1", 1.1723489728604533], ["R1", 1.1723489728604533], ["S1", 1.1723489728604533]]}