{"ts": 1758405371.2321768, "id_student": 17114, "p": [0.002, 0.002, 0.002], "conf": [0.9959, 0.9959, 0.9959], "streak": 1, "ready": false, "candidates": [["B1", 0.9979644282720983], ["R1", 0.9979644282720983], ["S1", 0.9979644282720983], ["B2", 0.9480662068584933], ["R2", 0.9480662068584933], ["S2", 0.9480662068584933], ["B3", 0.8981679854448885], ["R3", 0.8981679854448885]], "chosen": [["B1", 1.207502088341484], ["R1", 1.207502088341484], ["S1", 1.207502088341484]]}