{"ts": 1758405656.8641548, "id_student": 7860, "p": [0.0053, 0.0053, 0.0053], "conf": [0.9895, 0.9895, 0.9895], "streak": 1, "ready": false, "candidates": [["B1", 0.9947386219166219], ["R1", 0.9947386219166219], ["S1", 0.9947386219166219], ["B2", 0.9450016908207908], ["R2", 0.9450016908207908], ["S2", 0.9450016908207908], ["B3", 0.8952647597249597], ["R3", 0.8952647597249597]], "chosen": [["B1", 1.199694361201993], ["R1", 1.199694361201993], ["S1", 1.199694361201993]]}