{"ts": 1758405369.2860615, "id_student": 1061, "p": [0.0086, 0.0086, 0.0086], "conf": [0.9828, 0.9828, 0.9828], "streak": 1, "ready": false, "candidates": [["B1", 0.9914191196672618], ["R1", 0.9914191196672618], ["S1", 0.9914191196672618], ["B2", 0.9418481636838987], ["R2", 0.9418481636838987], ["S2", 0.9418481636838987], ["B3", 0.8922772077005356], ["R3", 0.8922772077005356]], "chosen": [["B1", 1.1916734515890006], ["R1", 1.1916734515890006], ["S1", 1.1916734515890006]]}