{"ts": 1758411423.0561955, "id_student": 0, "p": [1.0, 0.0, 1.0], "conf": [1.0, 1.0, 1.0], "streak": 1, "ready": false, "candidates": [["V1", 1.0], ["R1", 1.0], ["G1", 1.0], ["V2", 0.95], ["R2", 0.95], ["G2", 0.95], ["V3", 0.9], ["R3", 0.9]], "chosen": [["V1", 10.633952266975788], ["R1", 10.633952266975788], ["G1", 10.633952266975788]]}