{"ts": 1758405659.0591335, "id_student": 2703, "p": [0.005, 0.005, 0.005], "conf": [0.99, 0.99, 0.99], "streak": 1, "ready": false, "candidates": [["B1", 0.9949793537147343], ["R1", 0.9949793537147343], ["S1", 0.9949793537147343], ["B2", 0.9452303860289976], ["R2", 0.9452303860289976], ["S2", 0.9452303860289976], ["B3", 0.8954814183432609], ["R3", 0.8954814183432609]], "chosen": [["B1", 1.200276580825304], ["R1", 1.200276580825304], ["S1", 1.200276580825304]]}