{"ts": 1758405662.418119, "id_student": 18813, "p": [0.0112, 0.0112, 0.0112], "conf": [0.9776, 0.9776, 0.9776], "streak": 1, "ready": false, "candidates": [["B1", 0.9887900312431157], ["R1", 0.9887900312431157], ["S1", 0.9887900312431157], ["B2", 0.9393505296809599], ["R2", 0.9393505296809599], ["S2", 0.9393505296809599], ["B3", 0.8899110281188042], ["R3", 0.8899110281188042]], "chosen": [["B1", 1.1853307596177818], ["R1", 1.1853307596177818], ["S1", 1.1853307596177818]]}